{
  "title": "5 REGRAS DE OURO PARA  PRODUÇÃO DE ESTANTES",
  "date": "2019-05-16T16:01:40.618Z",
  "thumbnail": "/img/uploads/estante-1-1-.jpg",
  "description": "Em linhas gerais, um pequeno roteiro para o faça você mesmo, quando o assunto é repaginar estantes e nichos.\n",
  "body": "## 5 REGRAS DE OURO PARA PRODUÇÃO DE ESTANTES\n\nEm linhas gerais, um pequeno roteiro para o faça você mesmo, quando o assunto é repaginar estantes e nichos\n\n1 - EQUILÍBRIO\n\nLembre-se menos é mais ! O mais importante aqui é que haja harmonia entre cores, tamanhos e quantidades de peças.\n\n2 - PROPORÇÃO\n\nLeve em conta o espaço disponível e o tamanho da peça, atente também o tamanho dos objetos que ficarão lado a lado.\n\n3 - ESPAÇAMENTO\n\nEvite acumular objetos nas prateleiras e nichos, tão importante quanto preencher um espaço é saber preservar espaços vazios ao redor das peças escolhidas.\n\n4 - PERSONALIDADE\n\nHome sweet home ! Reserve lugares para fotos, quadros, livros, tudo aquilo que trouxer referência a uma memória afetiva, afinal é desejável que sua casa reflita sua personalidade e conte histórias.\n\n5 - FLORES | PLANTAS\n\nPorque, encantam, prendem o olhar, decoram e trazem a sensação de lar.",
  "meta_title": "5 REGRAS DE OURO PARA  PRODUÇÃO DE ESTANTES",
  "meta_description": "Em linhas gerais, um pequeno roteiro para o faça você mesmo, quando o assunto é repaginar estantes e nichos.",
  "sections": [
    {
      "type": "breadcrumbs",
      "enabled": true
    },
    {
      "type": "page-title"
    },
    {
      "type": "blog-post",
      "enabled": true
    },
    {
      "type": "collection-shelf",
      "shuffle": false,
      "limit": 12,
      "page": 1,
      "collection_id": "61899ab6239b7206d3056e37:collections:DÉCOR ESTANTES:/decor-estante",
      "sort": "views"
    }
  ]
}