{
  "title": "BLACK FRIDAY ",
  "body": "## BLACK FRIDAY\n\n\nLorem ipsum placerat auctor conubia sodales fermentum gravida fermentum eros fringilla, netus non vitae pretium malesuada eleifend felis lobortis accumsan, etiam in orci hac venenatis convallis dictum ante phasellus. urna hac pulvinar per nec nisi quisque aptent vitae nisl mi aenean, aliquet fermentum orci elit cubilia proin malesuada habitasse auctor senectus. nibh aliquam orci justo ornare cubilia bibendum mattis, vivamus nisl massa purus ut in sapien molestie, habitant malesuada ut cras luctus libero. cursus ipsum potenti auctor lectus molestie nisi sodales lectus sed, venenatis erat nunc lorem congue nisi suspendisse varius mattis ultricies, vehicula ultricies platea imperdiet tellus per maecenas interdum.",
  "meta_title": "BLACK FRIDAY",
  "sections": [
    {
      "type": "responsive-banner",
      "img": "/img/uploads/bannertopo.jpg",
      "mobile_img": "/img/uploads/bannertopo-mobile.jpg"
    },
    {
      "type": "extra-page",
      "enabled": true
    },
    {
      "type": "offers-timer",
      "max_hours": 48,
      "start": "2021-11-11T07:44:37.679Z",
      "end": "2021-11-30T07:44:37.782Z"
    },
    {
      "type": "dynamic-showcase",
      "load_more": true,
      "sort": "offers"
    }
  ]
}