{
  "title": "CHÁ DA TARDE",
  "sections": [
    {
      "type": "responsive-banner",
      "img": "/img/uploads/38.jpg"
    },
    {
      "type": "extra-page",
      "enabled": true
    },
    {
      "type": "collection-shelf",
      "shuffle": false,
      "limit": 13,
      "page": 1,
      "sort": null,
      "headless": true,
      "collection_id": "6185c094239b7206d30254b8:collections:CERÂMICA BAMBU:/ceramica-bambu"
    },
    {
      "type": "banners-grid",
      "banners": [
        {
          "img": "/img/uploads/20.jpg",
          "mobile_img": ""
        },
        {
          "img": "/img/uploads/16.jpg"
        }
      ]
    },
    {
      "type": "collection-shelf",
      "shuffle": true,
      "limit": 12,
      "page": 1,
      "headless": true,
      "sort": null,
      "collection_id": "6185bbdb239b7206d302506a:collections:BAMBU - CAFÉ DA TARDE:/bambu-cafe-da-tarde"
    },
    {
      "type": "banners-grid",
      "banners": [
        {
          "img": "/img/uploads/18.jpg"
        },
        {
          "img": "/img/uploads/16.jpg"
        }
      ]
    },
    {
      "type": "page-title",
      "title": "Chá da Tarde.",
      "description": "Tudo fresh para este chá no meio da tarde !"
    },
    {
      "type": "collection-shelf",
      "shuffle": false,
      "limit": 12,
      "page": 1,
      "collection_id": "6185bf46239b7206d3025348:collections:CAFÉ DA TARDE - TEXTEIS:/cafe-da-tarde-texteis"
    },
    {
      "type": "banners-grid",
      "banners": [
        {
          "img": "/img/uploads/19.jpg"
        },
        {
          "img": "/img/uploads/15.jpg"
        }
      ]
    },
    {
      "type": "collection-shelf",
      "shuffle": false,
      "limit": 12,
      "page": 1,
      "collection_id": "6185c359239b7206d30256da:collections:TAÇAS ILHÉUS:/tacas-ilheus"
    }
  ],
  "body": "Tudo fresh para este chá no meio da tarde !\n\nVanilla, nosso jogo americano com franjinhas deu o tom e nos inspirou uma atmosfera fluida, com tons pastéis, fibras naturais, bambus e transparências.\n\nUm vaso de flores despretensioso, em tons pálidos de rosa completou o cenário\n\n```\n\n```"
}