{
  "title": "CAFÉ DA MANHÃ - COLEÇÃO OLINDA",
  "sections": [
    {
      "type": "responsive-banner",
      "img": "/img/uploads/paralacasa1.jpg"
    },
    {
      "type": "extra-page",
      "enabled": true
    },
    {
      "type": "breadcrumbs",
      "enabled": true
    },
    {
      "type": "collection-shelf",
      "shuffle": false,
      "limit": 13,
      "page": 1,
      "sort": null,
      "headless": true,
      "collection_id": "618042e9239b7206d3fc09b0:collections:COLEÇÃO OLINDA:/colecao-olinda"
    },
    {
      "type": "banners-grid",
      "banners": [
        {
          "img": "/img/uploads/5.jpg",
          "mobile_img": ""
        },
        {
          "img": "/img/uploads/3.jpg"
        }
      ]
    },
    {
      "type": "collection-shelf",
      "shuffle": true,
      "limit": 12,
      "page": 1,
      "headless": true,
      "sort": null,
      "collection_id": "6185bbdb239b7206d302506a:collections:BAMBU - Talheres e Cestos:/bambu-talheres-cestos"
    },
    {
      "type": "banners-grid",
      "banners": [
        {
          "img": "/img/uploads/4.jpg"
        },
        {
          "img": "/img/uploads/5.jpg"
        }
      ]
    },
    {
      "type": "collection-shelf",
      "shuffle": false,
      "limit": 12,
      "page": 1,
      "collection_id": "6185bf46239b7206d3025348:collections:TÊXTEIS NEUTROS:/texteis-neutros"
    },
    {
      "type": "banners-grid",
      "banners": [
        {
          "img": "/img/uploads/6.jpg"
        },
        {
          "img": "/img/uploads/7.jpg"
        }
      ]
    },
    {
      "type": "collection-shelf",
      "shuffle": false,
      "limit": 12,
      "page": 1,
      "collection_id": "618bee99239b7206d3087b22:collections:BAMBU - Coleção Olinda:/bambu-colecao-olinda"
    }
  ],
  "body": "## A Coleção Olinda foi nosso ponto de partida para esta produção de café da manhã, as peças são artesanais, feitas à mão em porcelana, uma a uma, cada peça é única e isso é o que encanta e valoriza cada uma delas. Para compor com as formas orgânicas e o tom celadon, escolhemos nossas peças em bambu, celadon e bambu são o novo \"must have\", já um clássico aqui no PARA la CASA, os tons neutros complementam a composição.",
  "meta_title": "CAFÉ DA MANHÃ - COLEÇÃO OLINDA",
  "meta_description": "Componha sua Mesa de Café da Manhã com produtos selecionados por Para la Casa, cada peça é única e isso é o que encanta e valoriza cada uma delas."
}