{
  "title": "FRETE E FORMAS DE ENVIO ",
  "meta_title": "FRETE E FORMAS DE ENVIO ",
  "meta_description": "FRETE E FORMAS DE ENVIO ",
  "body": "<!--StartFragment-->\n\nPARA la CASA possui parceiros logísticos em constante trabalho conjunto para oferecer as melhores condições de custo e entrega dentro do prazo estabelecido no momento da compra. Os valores irão variar de acordo a localidade e a cubagem da encomenda. Ao indicar o CEP a calculadora irá mostrar os custos referentes ao valor da entrega no endereço especificado. A transportadora fará 03 (três) tentativas de entrega em dias úteis seguidos, após este período não conseguindo entregar a encomenda, esta estará disponível na agência dos correios mais próxima do endereço do destinatário durante 07 (sete) dias corridos, após este período a encomenda será devolvida ao remetente, para ser reenviada será necessário pagar novamente o valor do frete.\nAs encomendas serão entregues de segunda à sexta feira das 8:00 às 17:00h.\nDúvidas entre em contato através do e-mail paralacasa@uol.com.br ou  LIGUE AGORA (11) 99959-1322.\n\n<!--EndFragment-->\n\n<!--StartFragment-->\n\n**PRAZO DE ENTREGA**\n\nApós a confirmação da compra pela operadora de cartões ou comprovação bancária de pagamento de boleto, se iniciará a \\*\\*contagem do prazo de **03 dias úteis** para a postagem da encomenda\\*\\*, a partir daí segue-se o prazo normal dos correios ou de nossos parceiros de logística, e  pode variar de acordo com a região de entrega.\n\n<!--EndFragment-->\n\n<!--EndFragment-->",
  "sections": [
    {
      "type": "page-title"
    },
    {
      "type": "breadcrumbs",
      "enabled": true
    },
    {
      "type": "extra-page",
      "enabled": true
    },
    {
      "type": "collection-shelf",
      "shuffle": false,
      "limit": 12,
      "page": 1,
      "collection_id": "618837c8239b7206d303d1f5:collections:NOVIDADES:/novidades",
      "sort": "news",
      "title": "NOVIDADES EM DESTAQUE",
      "link": "https://paralacasa.netlify.app/novidades"
    }
  ]
}