{
  "title": "FORMAS DE PAGAMENTO ",
  "meta_title": "Formas de pagamento",
  "meta_description": "Formas de pagamento",
  "body": "<!--StartFragment-->\n\nFormas de Pagamento\n\n* Boleto Bancário - Após a confirmação do pedido, uma ficha de compensação bancária será exibida com seus dados e valor total do seu pedido. Efetue o pagamento em qualquer agência bancária do país ou via Internet Banking em até 24horas. Nas compras com esta forma de pagamento, o cliente tem desconto de 5% no valor da compra. O desconto não é cumulativo, em caso de uso de um cupom, o desconto será do cupom escolhido, apenas.\n  Os descontos do boleto não são aplicáveis para o serviço Frete.\n* Cartão de Crédito - Aceitamos Visa, Mastercard, American Express. Optando pelo pagamento com cartão de crédito, será necessário a provação de sua operadora de cartão, após a confirmação de pagamento seu pedido estará liberado para entrega.\n* Transferência Bancária ou PIX - Para pagamento à vista via transferência bancária ou PIX, oferecemos 5% de desconto no valor da compra.O desconto não é cumulativo, em caso de uso de um cupom, o desconto será do cupom escolhido, apenas. Os descontos para esta modalidade de pagamento não são aplicáveis para o serviço Frete.\n\n\n\n<!--EndFragment-->",
  "sections": [
    {
      "type": "page-title"
    },
    {
      "type": "breadcrumbs",
      "enabled": true
    },
    {
      "type": "extra-page",
      "enabled": true
    }
  ]
}