{
  "title": " POLÍTICA DA LOJA | PRIVACIDADE",
  "meta_title": " POLÍTICA DA LOJA | PRIVACIDADE",
  "meta_description": " POLÍTICA DA LOJA | PRIVACIDADE",
  "body": "<!--StartFragment-->\n\nPARA la CASA preserva em sua totalidade as informações contidas nos cadastros dos seus clientes, em hipótese alguma os dados serão repassados a terceiros não envolvidos no processo de compra e entrega da mercadoria.\\\nOs dados cadastrais somente são utilizados com a finalidade de faturamento através de preenchimento da Nota Fiscal de compra, os dados da entrega estarão disponíveis para nosso parceiro logístico para posterior envio dos produtos ao endereço solicitado no momento da compra, além disso eventualmente poderão servir de base para estatísticas internas do ParaLaCasa  auxiliando-nos assim em nosso esforço por prestarmos um serviço de qualidade.\\\nO site do PARA la CASA possui certificação digital Rapid SSL que se utiliza de criptografia para assegurar que os dados trafegados na loja serão protegidos.\\\nOs dados dos cartões de crédito serão colhidos e armazenados diretamente no sistema operacional da operadora de cartão escolhida pelo cliente no momento de efetuar a compra, sendo assim o ParaLaCasa não registra nem armazena em nenhum momento os dados dos cartões de crédito.\n\n<!--EndFragment-->\n\n<!--StartFragment-->\n\n#### POLÍTICA DE PRIVACIDADE\n\nTermos de serviço\n\n**POLÍTICA DE PRIVACIDADE PARA la CASA**\n\nNo nosso e-commerce, seus dados são armazenados apenas quando você se cadastra ou realiza alguma compra; estes podem ser utilizados para notificações sobre seu pedido, ou mesmo para avisos de novidades e ações promocionais do PARA la CASA.\n\nSeu e-mail também é armazenado caso você tenha se cadastrado em nossa newsletter; este fica em nossa base externa para avisos de novidades e ações promocionais do PARA la CASA.\n\n1. #### DADOS QUE COLETAMOS\n\nEstes são os dados que coletamos. Nós informamos para você o motivo de coletarmos todos estes dados e com quem os compartilhamos. Além disso, esclarecemos as finalidades que lhes serão destinadas (cumprir obrigações legais, atender suas expectativas e otimizar nossa relação, basicamente). Na tabela abaixo trazemos uma versão simplificada dos seus dados que gerenciamos e para que o fazemos. Lembre-se: em nossa política poderá ver com muito mais precisão para qual finalidade utilizamos seus dados!\n\n2. #### PRAZO E LOCAL DE ARMAZENAMENTO DOS DADOS\n\nDados pessoais, prazo de armazenamento, fundamento legal\n\nDados cadastrais: 5 (cinco) anos após o término da relação (Art. 12 e 34 do código de defesa do consumidor).\n\nOutros dados: enquanto durar a relação e não houver pedido de apagamento ou revogação de consentimento (Art. 9, inciso ii da lei geral de proteção de dados pessoais).\n\n3. #### ACESSIBILIDADE DOS DADOS PESSOAIS\n\nPodemos coletar ou você poderá nos fornecer seu nome completo, empresa, telefone, cidade, whatsapp  para a sua identificação.\n\nNão solicitamos em nenhum formulário do site dados como CPF, CNPJ, isso somente é solicitado para transação comercial que ocorre por e-commerce para comercialização de produtos ParaLaCasa. Esses dados ficam armazenados em nossa base específica comercial.\n\nTambém coletamos, caso necessário, algumas informações técnicas do seu dispositivo, tais como, a versão do sistema operacional, a sua geolocalização, os aplicativos instalados, IP e porta lógica de origem, registros de interações com a ParaLaCasa , telas acessadas, session ID e dados públicos do seu Facebook, visando ampliar o nosso relacionamento, cumprir com obrigações legais, dentre outras finalidades.\n\nRecomendamos que você analise a nossa política onde constam mais detalhadamente as finalidades de uso de dados que coletamos. Também, usamos esses dados para informar sobre nossos produtos e serviços, de acordo com seu perfil. Além disso, estes também são utilizados para a sua proteção, seja para cumprir obrigações legais e assim assegurar seus direitos ou até mesmo para prevenir alguma fraude.\n\n4. #### **CANAL DE CONTATO**\n\nEm caso de qualquer dúvida com relação às disposições da política, você poderá entrar em contato por meio do e-mail: paralacasa@uol.com.br\n\n5. Dados sensíveis, confira nossa Política de Privacidade para cadastro e pagamento em nosso e-commerce.\n\nNos comprometemos a preservar os dados de todos os clientes, informações importantes como senha e CPF são criptografadas no momento do cadastro, antes de serem salvas.\n\nA finalização da sua compra será realizada em ambiente seguro e nenhuma informação relacionada a cartões de crédito ou contas bancárias será armazenada em nossos bancos de dados.\n\nOs dados cadastrais dos clientes não são vendidos, trocados ou divulgados para terceiros, exceto quando essas informações são necessárias para o processo de entrega, para cobrança ou para participação em eventos promocionais solicitados pelos clientes.\n\nSeus dados pessoais são peça fundamental para que seu pedido chegue em segurança, na sua casa, de acordo com nosso prazo de entrega. Nosso site utiliza cookies e informações de sua navegação (sessão do browser), com o objetivo de traçar um perfil do público que visita o site e aperfeiçoar sempre nossos serviços, produtos, conteúdos e garantir as melhores condições de compra para você.\n\nEstas informações são registradas automaticamente e serão mantidas em sigilo absoluto.\n\nQualquer alteração sobre nossa política de privacidade será devidamente informada nesta página.\n\n*Última atualização Novembro/2021*\n\n<!--EndFragment-->",
  "sections": [
    {
      "type": "page-title"
    },
    {
      "type": "breadcrumbs",
      "enabled": true
    },
    {
      "type": "extra-page",
      "enabled": true
    }
  ]
}