{
  "title": "SHOP BY LOOK ",
  "meta_title": "SHOP BY LOOK ",
  "sections": [
    {
      "type": "extra-page",
      "enabled": true
    },
    {
      "type": "banners-grid",
      "banners": [
        {
          "img": "/img/uploads/cafe-da-manha-colecao-olinda.jpg",
          "link": "https://paralacasa.netlify.app/pages/colecao-olinda"
        },
        {
          "img": "/img/uploads/2.jpg",
          "link": "https://paralacasa.netlify.app/pages/cha-da-tarde"
        },
        {
          "img": "/img/uploads/fibras-naturais.jpg",
          "link": "https://paralacasa.netlify.app/pages/fibras-naturais"
        },
        {
          "img": "/img/uploads/blue-and-white.jpg"
        }
      ]
    },
    {
      "type": "collection-shelf",
      "shuffle": false,
      "limit": 12,
      "page": 1,
      "collection_id": "617300969bb4ce40f93b03d6:collections:NEW ARRIVING:/new-arriving",
      "sort": "views"
    },
    {
      "type": "collection-shelf",
      "shuffle": false,
      "limit": 12,
      "page": 1,
      "collection_id": "61804b15239b7206d3fc1940:collections:COLEÇÃO EME:/colecao-eme",
      "sort": "views"
    },
    {
      "type": "collection-shelf",
      "shuffle": false,
      "limit": 12,
      "page": 1,
      "collection_id": "618042e9239b7206d3fc09b0:collections:COLEÇÃO OLINDA:/colecao-olinda",
      "sort": "views"
    }
  ],
  "body": "## SHOP by LOOK\n\n## Compartilhando as produções, apostas e escolhas, aqui o nosso olhar sobre as peças e como usá-las em nossas casas.\n\n![]()"
}