{
  "title": "PARA la CASA - Sobre Nós",
  "meta_title": "PARA la CASA - Sobre Nós",
  "meta_description": "Shop on Line, tableware e décor. Entregamos em todo Brasil.",
  "body": "PARA la CASA , Shop on Line de tableware e décor. \n\nTodos os produtos são garimpados segundo critérios de estilo, qualidade e durabilidade pela curadoria do PARA la CASA, numa busca constante que nos inspira todos os dias a realizar um trabalho melhor e a levar essa inspiração às pessoas que acreditam como nós, que nossa casa pode ser um espaço onde transpareça toda nossa personalidade.\n\n\n<!--StartFragment-->\n\n## FALE CONOSCO\n\nSuas dúvidas e opiniões são muito importantes para nós, entre em contato conosco e nos deixe saber. \n\n## CONTATO\n\n###### [paralacasa@uol.com.br](mailto:paralacasa@uol.com.br)\n\n**WHATSAPP** - [ (11) 99959-1322](https://api.whatsapp.com/send?1=pt_BR&phone=55011999591322 \"Clique aqui e fale via whatsapp \") </p>\n\n<!--EndFragment-->",
  "sections": [
    {
      "type": "page-title",
      "title": "PARA la CASA - Sobre Nós"
    },
    {
      "type": "breadcrumbs",
      "enabled": true
    },
    {
      "type": "extra-page",
      "enabled": true
    }
  ]
}