{
  "title": "BLOG PARA LA CASA ",
  "meta_title": "ARTIGOS E TENDÊNCIAS PARA DECORAÇÃO DE MESA E CASA",
  "meta_description": "BLOG PARA LA CASA - ARTIGOS E TENDÊNCIAS PARA DECORAÇÃO DE MESA E CASA",
  "sections": [
    {
      "type": "breadcrumbs",
      "enabled": true
    },
    {
      "type": "page-title"
    },
    {
      "type": "blog",
      "enabled": true
    },
    {
      "type": "banners-grid",
      "banners": [
        {
          "img": "/img/uploads/1.jpg"
        },
        {
          "img": "/img/uploads/1.jpg"
        },
        {
          "img": "/img/uploads/1.jpg"
        }
      ]
    }
  ]
}