{
  "sections": [
    {
      "type": "breadcrumbs",
      "enabled": true
    },
    {
      "type": "page-title"
    },
    {
      "type": "document-description",
      "enabled": true
    },
    {
      "type": "brand-retail",
      "enabled": true,
      "sort": "sales"
    },
    {
      "type": "custom-html",
      "html": "<h4 class=\"products-carousel__title\"><a href=\"https://paralacasa.netlify.app/blog\">CONFIRA ARTIGOS DO BLOG</a></h4>"
    },
    {
      "type": "blog",
      "enabled": true
    }
  ]
}