{
  "sections": [
    {
      "type": "document-banner",
      "enabled": true
    },
    {
      "type": "document-description",
      "enabled": true
    },
    {
      "type": "category-retail",
      "enabled": true,
      "sort": "news"
    },
    {
      "type": "banners-grid",
      "banners": [
        {
          "img": "/img/uploads/72-compressed.jpg",
          "mobile_img": "",
          "link": "https://paralacasa.netlify.app/copa/"
        },
        {
          "img": "/img/uploads/jogos-americanos-4-compressed.jpg",
          "link": "https://paralacasa.netlify.app/jogos-americanos/"
        },
        {
          "img": "/img/uploads/faqueiros-eme-2.jpg",
          "link": "https://paralacasa.netlify.app/eme"
        }
      ]
    }
  ]
}