{
  "sections": [
    {
      "type": "document-banner",
      "enabled": true
    },
    {
      "type": "document-description",
      "enabled": true
    },
    {
      "type": "collection-retail",
      "enabled": true,
      "sort": "news"
    },
    {
      "type": "banners-grid",
      "banners": [
        {
          "img": "/img/uploads/ecom-plus-home-527-x-515-px-9-.jpg"
        },
        {
          "img": "/img/uploads/72-compressed.jpg"
        },
        {
          "img": "/img/uploads/ecom-plus-home-jg-americano-527-x-515-px.jpg"
        }
      ]
    }
  ]
}