{
  "description": {
    "title": "SHOP ON LINE",
    "text": "Fundado em 2015, o PARA la CASA, Shop on line de tableware e décor, conta desde o início com uma curadoria cuidadosa na escolha das suas peças, em nosso acervo, marcas nacionais e importadas convivem com a arte de artesãos locais, através de produções autorais mostramos o nosso olhar sobre a estética e a maneira como vivenciamos nossa casa."
  },
  "links_1": {
    "list_pages": false,
    "title": "SAIBA MAIS",
    "list": [
      {
        "text": "SOBRE NÓS",
        "url": "https://paralacasa.netlify.app/pages/sobre-nos"
      },
      {
        "text": "FRETE",
        "url": "https://paralacasa.netlify.app/pages/faq"
      },
      {
        "text": " FORMAS DE PAGAMENTO",
        "url": "https://paralacasa.netlify.app/pages/pagamentos"
      },
      {
        "text": "PRAZO DE ENTREGA",
        "url": "https://paralacasa.netlify.app/pages/faq"
      },
      {
        "text": "TROCAS E DEVOLUÇÕES",
        "url": "https://paralacasa.netlify.app/pages/trocas"
      },
      {
        "text": "POLÍTICA DA LOJA  |  PRIVACIDADE",
        "url": "https://paralacasa.netlify.app/pages/privacidade"
      },
      {
        "text": "BLOG PARALACASA",
        "url": "https://paralacasa.netlify.app/blog"
      }
    ]
  },
  "links_2": {
    "list_categories": false,
    "title": "",
    "list": []
  },
  "contacts": {
    "title": "ENTRE EM CONTATO",
    "phone_wpp": true,
    "socials": true,
    "email": true,
    "address": true
  },
  "stamps": [
    {
      "src": "/img/uploads/ssl-safe.png",
      "alt": "Secure connection"
    }
  ],
  "payment_methods": {
    "bb": false,
    "visa": true,
    "boleto": true,
    "aura": false,
    "banrisul": false,
    "elo": true,
    "hipercard": false,
    "hsbc": false,
    "bradesco": false,
    "santander": false,
    "mastercard": true,
    "citibank": false,
    "mais": false,
    "itau": false
  },
  "credits": ""
}