{
  "marketing_stripe": {
    "text": "Tudo em até 6x sem juros | 5% desconto nas compras à vista  | CUPOM: PRIMEIRACOMPRA para 5% desc na primeira compra.",
    "link": "https://paralacasa.netlify.app/pages/pagamentos",
    "background": "#393d47",
    "color": "#ffffff"
  },
  "contacts_stripe": {
    "pages": [
      {
        "title": "ENTRAR | CADASTRAR",
        "link": "https://paralacasa.netlify.app/app/#/account/"
      }
    ],
    "phone_wpp": false,
    "socials": true
  },
  "categories_list": {
    "featured": [
      "/new?NEW",
      "/mesa/?MESA",
      "/bambu/?BAMBU",
      "/moveis/?MÓVEIS",
      "/decor/?DÉCOR",
      "/cozinha/?COZINHA",
      "/organizar/?ORGANIZAR"
    ],
    "random": 7,
    "full_width": true
  },
  "search_input": true
}