{
  "meta_title": "PARA la CASA - Décor | Design | Tableware",
  "meta_description": "SHOP on LINE, peças com cuidadosa curadoria, design, tableware e tendências para o décor da sua Casa. Entregamos em todo o Brasil.",
  "sections": [
    {
      "type": "banners-grid",
      "banners": [
        {
          "img": "/img/uploads/paralacasa1.jpg",
          "mobile_img": "",
          "link": "https://paralacasa.netlify.app/colecao-olinda"
        }
      ]
    },
    {
      "type": "banners-grid",
      "banners": [
        {
          "img": "/img/uploads/paralacasa-mobile1.jpg",
          "link": "https://paralacasa.netlify.app/bambu/"
        },
        {
          "img": "/img/uploads/paralacasa-home2.3.jpg",
          "link": "https://paralacasa.netlify.app/bordallo-pinheiro-ceramica"
        }
      ]
    },
    {
      "type": "banners-grid",
      "banners": [
        {
          "img": "/img/uploads/ecom-plus-colecao-cafe-da-tarde-527-x-515-px.jpg",
          "link": "https://paralacasa.netlify.app/pages/cha-da-tarde"
        },
        {
          "img": "/img/uploads/ecom-plus-colecao-blue-and-white-527-x-515-px.jpg",
          "link": "https://paralacasa.netlify.app/pages/shop-by-look"
        },
        {
          "img": "/img/uploads/ecom-plus-home-527-x-515-px-6-.jpg",
          "link": "https://paralacasa.netlify.app/copa/"
        }
      ]
    },
    {
      "type": "banners-grid",
      "banners": [
        {
          "img": "/img/uploads/e-com-plus-788-x-518-px-2-.jpg",
          "link": "https://paralacasa.netlify.app/colecao-eme"
        },
        {
          "img": "/img/uploads/e-com-plus-home-788-x-518-px-8-.jpg",
          "link": "https://paralacasa.netlify.app/vista-alegre"
        }
      ]
    },
    {
      "type": "collection-shelf",
      "shuffle": false,
      "limit": 24,
      "page": 1,
      "collection_id": "617300969bb4ce40f93b03d6:collections:NEW:/new",
      "sort": "news",
      "title": "NEW",
      "link": "https://paralacasa.netlify.app/new"
    },
    {
      "type": "banners-grid",
      "banners": [
        {
          "img": "/img/uploads/ecom-plus-home-527-x-515-px-9-.jpg",
          "link": "https://paralacasa.netlify.app/potes-hermeticos/"
        },
        {
          "img": "/img/uploads/ecom-plus-home-527-x-515-px-10-.jpg",
          "link": "https://paralacasa.netlify.app/organizar/"
        },
        {
          "img": "/img/uploads/ecom-plus-home-jg-americano-527-x-515-px.jpg",
          "link": "https://paralacasa.netlify.app/jogos-americanos/"
        }
      ]
    }
  ]
}